[{"title":"Angular","price":"18000","img":"https://upload.wikimedia.org/wikipedia/commons/thumb/c/cf/Angular_full_color_logo.svg/1200px-Angular_full_color_logo.svg.png","id":"6f5bd80d-6c77-4ab6-a653-768e91d50a63"},{"title":"Vue","price":"15000","img":"https://upload.wikimedia.org/wikipedia/commons/thumb/9/95/Vue.js_Logo_2.svg/1200px-Vue.js_Logo_2.svg.png","id":"dc023466-11dd-4130-b3fc-83783c234587"},{"title":"React","price":"20000","img":"https://upload.wikimedia.org/wikipedia/commons/thumb/a/a7/React-icon.svg/1200px-React-icon.svg.png","id":"62cdccab-3b49-4624-bd36-62b2c1443549"}]